<?xml version="1.0" encoding="UTF-8"?><?xml-stylesheet href="WCLOG_1_0.xsl" type="text/xsl"?><Log><LogVer><Major>6</Major><Minor>2</Minor></LogVer><LogColInf><ColTim>2023/05/31 16:46:34</ColTim></LogColInf><SysInf><DevTyp>KONICA MINOLTA bizhub C3350i</DevTyp><DevNam>A93E021002336</DevNam><IP>10.128.1.198</IP><Mac>00:20:6B:4B:95:D2</Mac><DNS>KM4B95D2.bpl.kme.intern</DNS><SN>A93E021002336</SN></SysInf><LogRec><LogInf><ID>0000009369</ID><LogTyp>2</LogTyp></LogInf><OperationInf><Code>5547</Code><Tim>2023/05/31 16:45:45</Tim><Res>0</Res><NetTyp>1</NetTyp><EventTyp>0</EventTyp><OpeInfo><Code>33554432</Code><Name></Name><NameID></NameID><NetTyp>1</NetTyp><ExtSvrName></ExtSvrName><ScdExtSrvNam></ScdExtSrvNam><TrcCode>0</TrcCode><TrcName></TrcName><CardID></CardID><IF>96</IF><CliInf></CliInf></OpeInfo><OperatContInf></OperatContInf></OperationInf></LogRec><LogRec><LogInf><ID>0000009370</ID><LogTyp>2</LogTyp></LogInf><OperationInf><Code>1409</Code><Tim>2023/05/31 16:45:54</Tim><Res>65535</Res><NetTyp>1</NetTyp><EventTyp>2</EventTyp><OpeInfo><Code>83886080</Code><Name></Name><NameID></NameID><NetTyp>1</NetTyp><ExtSvrName></ExtSvrName><ScdExtSrvNam></ScdExtSrvNam><TrcCode>0</TrcCode><TrcName></TrcName><CardID></CardID><IF>96</IF><CliInf></CliInf></OpeInfo><OperatContInf></OperatContInf></OperationInf></LogRec><LogRec><LogInf><ID>0000009371</ID><LogTyp>2</LogTyp></LogInf><OperationInf><Code>1409</Code><Tim>2023/05/31 16:45:54</Tim><Res>65535</Res><NetTyp>1</NetTyp><EventTyp>2</EventTyp><OpeInfo><Code>83886080</Code><Name></Name><NameID></NameID><NetTyp>1</NetTyp><ExtSvrName></ExtSvrName><ScdExtSrvNam></ScdExtSrvNam><TrcCode>0</TrcCode><TrcName></TrcName><CardID></CardID><IF>96</IF><CliInf></CliInf></OpeInfo><OperatContInf></OperatContInf></OperationInf></LogRec><LogRec><LogInf><ID>0000009372</ID><LogTyp>2</LogTyp></LogInf><OperationInf><Code>1409</Code><Tim>2023/05/31 16:46:02</Tim><Res>65535</Res><NetTyp>1</NetTyp><EventTyp>2</EventTyp><OpeInfo><Code>83886080</Code><Name></Name><NameID></NameID><NetTyp>1</NetTyp><ExtSvrName></ExtSvrName><ScdExtSrvNam></ScdExtSrvNam><TrcCode>0</TrcCode><TrcName></TrcName><CardID></CardID><IF>96</IF><CliInf></CliInf></OpeInfo><OperatContInf></OperatContInf></OperationInf></LogRec><LogRec><LogInf><ID>0000009373</ID><LogTyp>2</LogTyp></LogInf><OperationInf><Code>1409</Code><Tim>2023/05/31 16:46:12</Tim><Res>65535</Res><NetTyp>1</NetTyp><EventTyp>2</EventTyp><OpeInfo><Code>83886080</Code><Name></Name><NameID></NameID><NetTyp>1</NetTyp><ExtSvrName></ExtSvrName><ScdExtSrvNam></ScdExtSrvNam><TrcCode>0</TrcCode><TrcName></TrcName><CardID></CardID><IF>96</IF><CliInf></CliInf></OpeInfo><OperatContInf></OperatContInf></OperationInf></LogRec><LogRec><LogInf><ID>0000009374</ID><LogTyp>2</LogTyp></LogInf><OperationInf><Code>1034</Code><Tim>2023/05/31 16:46:12</Tim><Res>0</Res><NetTyp>1</NetTyp><EventTyp>0</EventTyp><OpeInfo><Code>33554432</Code><Name></Name><NameID></NameID><NetTyp>1</NetTyp><ExtSvrName></ExtSvrName><ScdExtSrvNam></ScdExtSrvNam><TrcCode>0</TrcCode><TrcName></TrcName><CardID></CardID><IF>128</IF><CliInf></CliInf></OpeInfo><OperatContInf></OperatContInf></OperationInf></LogRec><LogRec><LogInf><ID>0000009375</ID><LogTyp>2</LogTyp></LogInf><OperationInf><Code>6044</Code><Tim>2023/05/31 16:46:12</Tim><Res>0</Res><NetTyp>1</NetTyp><EventTyp>0</EventTyp><OpeInfo><Code>33554432</Code><Name></Name><NameID></NameID><NetTyp>1</NetTyp><ExtSvrName></ExtSvrName><ScdExtSrvNam></ScdExtSrvNam><TrcCode>0</TrcCode><TrcName></TrcName><CardID></CardID><IF>128</IF><CliInf></CliInf></OpeInfo><OperatContInf></OperatContInf></OperationInf></LogRec><LogRec><LogInf><ID>0000009376</ID><LogTyp>2</LogTyp></LogInf><OperationInf><Code>6045</Code><Tim>2023/05/31 16:46:12</Tim><Res>0</Res><NetTyp>1</NetTyp><EventTyp>0</EventTyp><OpeInfo><Code>33554432</Code><Name></Name><NameID></NameID><NetTyp>1</NetTyp><ExtSvrName></ExtSvrName><ScdExtSrvNam></ScdExtSrvNam><TrcCode>0</TrcCode><TrcName></TrcName><CardID></CardID><IF>128</IF><CliInf></CliInf></OpeInfo><OperatContInf></OperatContInf></OperationInf></LogRec><LogRec><LogInf><ID>0000009377</ID><LogTyp>2</LogTyp></LogInf><OperationInf><Code>6046</Code><Tim>2023/05/31 16:46:12</Tim><Res>0</Res><NetTyp>1</NetTyp><EventTyp>0</EventTyp><OpeInfo><Code>33554432</Code><Name></Name><NameID></NameID><NetTyp>1</NetTyp><ExtSvrName></ExtSvrName><ScdExtSrvNam></ScdExtSrvNam><TrcCode>0</TrcCode><TrcName></TrcName><CardID></CardID><IF>128</IF><CliInf></CliInf></OpeInfo><OperatContInf></OperatContInf></OperationInf></LogRec><LogRec><LogInf><ID>0000009378</ID><LogTyp>2</LogTyp></LogInf><OperationInf><Code>5260</Code><Tim>2023/05/31 16:46:12</Tim><Res>0</Res><NetTyp>1</NetTyp><EventTyp>0</EventTyp><OpeInfo><Code>33554432</Code><Name></Name><NameID></NameID><NetTyp>1</NetTyp><ExtSvrName></ExtSvrName><ScdExtSrvNam></ScdExtSrvNam><TrcCode>0</TrcCode><TrcName></TrcName><CardID></CardID><IF>128</IF><CliInf></CliInf></OpeInfo><OperatContInf></OperatContInf></OperationInf></LogRec><LogRec><LogInf><ID>0000009379</ID><LogTyp>2</LogTyp></LogInf><OperationInf><Code>6047</Code><Tim>2023/05/31 16:46:12</Tim><Res>0</Res><NetTyp>1</NetTyp><EventTyp>0</EventTyp><OpeInfo><Code>33554432</Code><Name></Name><NameID></NameID><NetTyp>1</NetTyp><ExtSvrName></ExtSvrName><ScdExtSrvNam></ScdExtSrvNam><TrcCode>0</TrcCode><TrcName></TrcName><CardID></CardID><IF>128</IF><CliInf></CliInf></OpeInfo><OperatContInf></OperatContInf></OperationInf></LogRec><LogRec><LogInf><ID>0000009380</ID><LogTyp>2</LogTyp></LogInf><OperationInf><Code>6048</Code><Tim>2023/05/31 16:46:12</Tim><Res>0</Res><NetTyp>1</NetTyp><EventTyp>0</EventTyp><OpeInfo><Code>33554432</Code><Name></Name><NameID></NameID><NetTyp>1</NetTyp><ExtSvrName></ExtSvrName><ScdExtSrvNam></ScdExtSrvNam><TrcCode>0</TrcCode><TrcName></TrcName><CardID></CardID><IF>128</IF><CliInf></CliInf></OpeInfo><OperatContInf></OperatContInf></OperationInf></LogRec><LogRec><LogInf><ID>0000009381</ID><LogTyp>2</LogTyp></LogInf><OperationInf><Code>1282</Code><Tim>2023/05/31 16:46:12</Tim><Res>0</Res><NetTyp>1</NetTyp><EventTyp>0</EventTyp><OpeInfo><Code>67108864</Code><Name>Public</Name><NameID></NameID><NetTyp>1</NetTyp><ExtSvrName></ExtSvrName><ScdExtSrvNam></ScdExtSrvNam><TrcCode>0</TrcCode><TrcName></TrcName><CardID></CardID><IF>16</IF><CliInf></CliInf></OpeInfo><OperatContInf></OperatContInf></OperationInf></LogRec><LogRec><LogInf><ID>0000009382</ID><LogTyp>2</LogTyp></LogInf><OperationInf><Code>1281</Code><Tim>2023/05/31 16:46:14</Tim><Res>0</Res><NetTyp>1</NetTyp><EventTyp>0</EventTyp><OpeInfo><Code>67108864</Code><Name>Public</Name><NameID></NameID><NetTyp>1</NetTyp><ExtSvrName></ExtSvrName><ScdExtSrvNam></ScdExtSrvNam><TrcCode>0</TrcCode><TrcName></TrcName><CardID></CardID><IF>16</IF><CliInf></CliInf></OpeInfo><OperatContInf></OperatContInf></OperationInf></LogRec><LogRec><LogInf><ID>0000009383</ID><LogTyp>2</LogTyp></LogInf><OperationInf><Code>1409</Code><Tim>2023/05/31 16:46:18</Tim><Res>65535</Res><NetTyp>1</NetTyp><EventTyp>2</EventTyp><OpeInfo><Code>83886080</Code><Name></Name><NameID></NameID><NetTyp>1</NetTyp><ExtSvrName></ExtSvrName><ScdExtSrvNam></ScdExtSrvNam><TrcCode>0</TrcCode><TrcName></TrcName><CardID></CardID><IF>96</IF><CliInf></CliInf></OpeInfo><OperatContInf></OperatContInf></OperationInf></LogRec><LogRec><LogInf><ID>0000009384</ID><LogTyp>2</LogTyp></LogInf><OperationInf><Code>1409</Code><Tim>2023/05/31 16:46:23</Tim><Res>65535</Res><NetTyp>1</NetTyp><EventTyp>2</EventTyp><OpeInfo><Code>83886080</Code><Name></Name><NameID></NameID><NetTyp>1</NetTyp><ExtSvrName></ExtSvrName><ScdExtSrvNam></ScdExtSrvNam><TrcCode>0</TrcCode><TrcName></TrcName><CardID></CardID><IF>96</IF><CliInf></CliInf></OpeInfo><OperatContInf></OperatContInf></OperationInf></LogRec><LogRec><LogInf><ID>0000009385</ID><LogTyp>2</LogTyp></LogInf><OperationInf><Code>1409</Code><Tim>2023/05/31 16:46:31</Tim><Res>65535</Res><NetTyp>1</NetTyp><EventTyp>2</EventTyp><OpeInfo><Code>83886080</Code><Name></Name><NameID></NameID><NetTyp>1</NetTyp><ExtSvrName></ExtSvrName><ScdExtSrvNam></ScdExtSrvNam><TrcCode>0</TrcCode><TrcName></TrcName><CardID></CardID><IF>96</IF><CliInf></CliInf></OpeInfo><OperatContInf></OperatContInf></OperationInf></LogRec></Log>