<?xml version="1.0" encoding="UTF-8"?><?xml-stylesheet href="WCLOG_1_0.xsl" type="text/xsl"?><Log><LogVer><Major>6</Major><Minor>2</Minor></LogVer><LogColInf><ColTim>2023/05/31 16:44:21</ColTim></LogColInf><SysInf><DevTyp>KONICA MINOLTA bizhub C3350i</DevTyp><DevNam>KM_C3350i</DevNam><IP>10.128.1.198</IP><Mac>00:20:6B:4B:95:D2</Mac><DNS>KM4B95D2.bpl.kme.intern</DNS><SN>A93E021002336</SN></SysInf><LogRec><LogInf><ID>0000009245</ID><LogTyp>2</LogTyp></LogInf><OperationInf><Code>1282</Code><Tim>2023/05/31 16:18:03</Tim><Res>0</Res><NetTyp>1</NetTyp><EventTyp>0</EventTyp><OpeInfo><Code>67108864</Code><Name>Public</Name><NameID></NameID><NetTyp>1</NetTyp><ExtSvrName></ExtSvrName><ScdExtSrvNam></ScdExtSrvNam><TrcCode>0</TrcCode><TrcName></TrcName><CardID></CardID><IF>16</IF><CliInf></CliInf></OpeInfo><OperatContInf></OperatContInf></OperationInf></LogRec><LogRec><LogInf><ID>0000009246</ID><LogTyp>2</LogTyp></LogInf><OperationInf><Code>1281</Code><Tim>2023/05/31 16:18:05</Tim><Res>0</Res><NetTyp>1</NetTyp><EventTyp>0</EventTyp><OpeInfo><Code>67108864</Code><Name>Public</Name><NameID></NameID><NetTyp>1</NetTyp><ExtSvrName></ExtSvrName><ScdExtSrvNam></ScdExtSrvNam><TrcCode>0</TrcCode><TrcName></TrcName><CardID></CardID><IF>16</IF><CliInf></CliInf></OpeInfo><OperatContInf></OperatContInf></OperationInf></LogRec><LogRec><LogInf><ID>0000009247</ID><LogTyp>2</LogTyp></LogInf><OperationInf><Code>1409</Code><Tim>2023/05/31 16:18:09</Tim><Res>65535</Res><NetTyp>1</NetTyp><EventTyp>2</EventTyp><OpeInfo><Code>83886080</Code><Name></Name><NameID></NameID><NetTyp>1</NetTyp><ExtSvrName></ExtSvrName><ScdExtSrvNam></ScdExtSrvNam><TrcCode>0</TrcCode><TrcName></TrcName><CardID></CardID><IF>96</IF><CliInf></CliInf></OpeInfo><OperatContInf></OperatContInf></OperationInf></LogRec><LogRec><LogInf><ID>0000009248</ID><LogTyp>2</LogTyp></LogInf><OperationInf><Code>1409</Code><Tim>2023/05/31 16:18:15</Tim><Res>65535</Res><NetTyp>1</NetTyp><EventTyp>2</EventTyp><OpeInfo><Code>83886080</Code><Name></Name><NameID></NameID><NetTyp>1</NetTyp><ExtSvrName></ExtSvrName><ScdExtSrvNam></ScdExtSrvNam><TrcCode>0</TrcCode><TrcName></TrcName><CardID></CardID><IF>96</IF><CliInf></CliInf></OpeInfo><OperatContInf></OperatContInf></OperationInf></LogRec><LogRec><LogInf><ID>0000009249</ID><LogTyp>2</LogTyp></LogInf><OperationInf><Code>1409</Code><Tim>2023/05/31 16:18:29</Tim><Res>65535</Res><NetTyp>1</NetTyp><EventTyp>2</EventTyp><OpeInfo><Code>83886080</Code><Name></Name><NameID></NameID><NetTyp>1</NetTyp><ExtSvrName></ExtSvrName><ScdExtSrvNam></ScdExtSrvNam><TrcCode>0</TrcCode><TrcName></TrcName><CardID></CardID><IF>96</IF><CliInf></CliInf></OpeInfo><OperatContInf></OperatContInf></OperationInf></LogRec><LogRec><LogInf><ID>0000009250</ID><LogTyp>2</LogTyp></LogInf><OperationInf><Code>1282</Code><Tim>2023/05/31 16:18:31</Tim><Res>0</Res><NetTyp>1</NetTyp><EventTyp>0</EventTyp><OpeInfo><Code>67108864</Code><Name>Public</Name><NameID></NameID><NetTyp>1</NetTyp><ExtSvrName></ExtSvrName><ScdExtSrvNam></ScdExtSrvNam><TrcCode>0</TrcCode><TrcName></TrcName><CardID></CardID><IF>16</IF><CliInf></CliInf></OpeInfo><OperatContInf></OperatContInf></OperationInf></LogRec><LogRec><LogInf><ID>0000009251</ID><LogTyp>2</LogTyp></LogInf><OperationInf><Code>1281</Code><Tim>2023/05/31 16:18:33</Tim><Res>0</Res><NetTyp>1</NetTyp><EventTyp>0</EventTyp><OpeInfo><Code>67108864</Code><Name>Public</Name><NameID></NameID><NetTyp>1</NetTyp><ExtSvrName></ExtSvrName><ScdExtSrvNam></ScdExtSrvNam><TrcCode>0</TrcCode><TrcName></TrcName><CardID></CardID><IF>16</IF><CliInf></CliInf></OpeInfo><OperatContInf></OperatContInf></OperationInf></LogRec><LogRec><LogInf><ID>0000009252</ID><LogTyp>2</LogTyp></LogInf><OperationInf><Code>1409</Code><Tim>2023/05/31 16:18:45</Tim><Res>65535</Res><NetTyp>1</NetTyp><EventTyp>2</EventTyp><OpeInfo><Code>83886080</Code><Name></Name><NameID></NameID><NetTyp>1</NetTyp><ExtSvrName></ExtSvrName><ScdExtSrvNam></ScdExtSrvNam><TrcCode>0</TrcCode><TrcName></TrcName><CardID></CardID><IF>96</IF><CliInf></CliInf></OpeInfo><OperatContInf></OperatContInf></OperationInf></LogRec><LogRec><LogInf><ID>0000009253</ID><LogTyp>2</LogTyp></LogInf><OperationInf><Code>1409</Code><Tim>2023/05/31 16:19:16</Tim><Res>65535</Res><NetTyp>1</NetTyp><EventTyp>2</EventTyp><OpeInfo><Code>83886080</Code><Name></Name><NameID></NameID><NetTyp>1</NetTyp><ExtSvrName></ExtSvrName><ScdExtSrvNam></ScdExtSrvNam><TrcCode>0</TrcCode><TrcName></TrcName><CardID></CardID><IF>96</IF><CliInf></CliInf></OpeInfo><OperatContInf></OperatContInf></OperationInf></LogRec><LogRec><LogInf><ID>0000009254</ID><LogTyp>2</LogTyp></LogInf><OperationInf><Code>1409</Code><Tim>2023/05/31 16:19:46</Tim><Res>65535</Res><NetTyp>1</NetTyp><EventTyp>2</EventTyp><OpeInfo><Code>83886080</Code><Name></Name><NameID></NameID><NetTyp>1</NetTyp><ExtSvrName></ExtSvrName><ScdExtSrvNam></ScdExtSrvNam><TrcCode>0</TrcCode><TrcName></TrcName><CardID></CardID><IF>96</IF><CliInf></CliInf></OpeInfo><OperatContInf></OperatContInf></OperationInf></LogRec><LogRec><LogInf><ID>0000009255</ID><LogTyp>2</LogTyp></LogInf><OperationInf><Code>1409</Code><Tim>2023/05/31 16:20:42</Tim><Res>65535</Res><NetTyp>1</NetTyp><EventTyp>2</EventTyp><OpeInfo><Code>83886080</Code><Name></Name><NameID></NameID><NetTyp>1</NetTyp><ExtSvrName></ExtSvrName><ScdExtSrvNam></ScdExtSrvNam><TrcCode>0</TrcCode><TrcName></TrcName><CardID></CardID><IF>96</IF><CliInf></CliInf></OpeInfo><OperatContInf></OperatContInf></OperationInf></LogRec><LogRec><LogInf><ID>0000009256</ID><LogTyp>2</LogTyp></LogInf><OperationInf><Code>1409</Code><Tim>2023/05/31 16:21:42</Tim><Res>65535</Res><NetTyp>1</NetTyp><EventTyp>2</EventTyp><OpeInfo><Code>83886080</Code><Name></Name><NameID></NameID><NetTyp>1</NetTyp><ExtSvrName></ExtSvrName><ScdExtSrvNam></ScdExtSrvNam><TrcCode>0</TrcCode><TrcName></TrcName><CardID></CardID><IF>96</IF><CliInf></CliInf></OpeInfo><OperatContInf></OperatContInf></OperationInf></LogRec><LogRec><LogInf><ID>0000009257</ID><LogTyp>2</LogTyp></LogInf><OperationInf><Code>1409</Code><Tim>2023/05/31 16:22:42</Tim><Res>65535</Res><NetTyp>1</NetTyp><EventTyp>2</EventTyp><OpeInfo><Code>83886080</Code><Name></Name><NameID></NameID><NetTyp>1</NetTyp><ExtSvrName></ExtSvrName><ScdExtSrvNam></ScdExtSrvNam><TrcCode>0</TrcCode><TrcName></TrcName><CardID></CardID><IF>96</IF><CliInf></CliInf></OpeInfo><OperatContInf></OperatContInf></OperationInf></LogRec><LogRec><LogInf><ID>0000009258</ID><LogTyp>2</LogTyp></LogInf><OperationInf><Code>1409</Code><Tim>2023/05/31 16:23:42</Tim><Res>65535</Res><NetTyp>1</NetTyp><EventTyp>2</EventTyp><OpeInfo><Code>83886080</Code><Name></Name><NameID></NameID><NetTyp>1</NetTyp><ExtSvrName></ExtSvrName><ScdExtSrvNam></ScdExtSrvNam><TrcCode>0</TrcCode><TrcName></TrcName><CardID></CardID><IF>96</IF><CliInf></CliInf></OpeInfo><OperatContInf></OperatContInf></OperationInf></LogRec><LogRec><LogInf><ID>0000009259</ID><LogTyp>2</LogTyp></LogInf><OperationInf><Code>1409</Code><Tim>2023/05/31 16:24:42</Tim><Res>65535</Res><NetTyp>1</NetTyp><EventTyp>2</EventTyp><OpeInfo><Code>83886080</Code><Name></Name><NameID></NameID><NetTyp>1</NetTyp><ExtSvrName></ExtSvrName><ScdExtSrvNam></ScdExtSrvNam><TrcCode>0</TrcCode><TrcName></TrcName><CardID></CardID><IF>96</IF><CliInf></CliInf></OpeInfo><OperatContInf></OperatContInf></OperationInf></LogRec><LogRec><LogInf><ID>0000009260</ID><LogTyp>2</LogTyp></LogInf><OperationInf><Code>1409</Code><Tim>2023/05/31 16:25:42</Tim><Res>65535</Res><NetTyp>1</NetTyp><EventTyp>2</EventTyp><OpeInfo><Code>83886080</Code><Name></Name><NameID></NameID><NetTyp>1</NetTyp><ExtSvrName></ExtSvrName><ScdExtSrvNam></ScdExtSrvNam><TrcCode>0</TrcCode><TrcName></TrcName><CardID></CardID><IF>96</IF><CliInf></CliInf></OpeInfo><OperatContInf></OperatContInf></OperationInf></LogRec><LogRec><LogInf><ID>0000009261</ID><LogTyp>2</LogTyp></LogInf><OperationInf><Code>1409</Code><Tim>2023/05/31 16:26:42</Tim><Res>65535</Res><NetTyp>1</NetTyp><EventTyp>2</EventTyp><OpeInfo><Code>83886080</Code><Name></Name><NameID></NameID><NetTyp>1</NetTyp><ExtSvrName></ExtSvrName><ScdExtSrvNam></ScdExtSrvNam><TrcCode>0</TrcCode><TrcName></TrcName><CardID></CardID><IF>96</IF><CliInf></CliInf></OpeInfo><OperatContInf></OperatContInf></OperationInf></LogRec><LogRec><LogInf><ID>0000009262</ID><LogTyp>2</LogTyp></LogInf><OperationInf><Code>1409</Code><Tim>2023/05/31 16:27:31</Tim><Res>65535</Res><NetTyp>1</NetTyp><EventTyp>2</EventTyp><OpeInfo><Code>83886080</Code><Name></Name><NameID></NameID><NetTyp>1</NetTyp><ExtSvrName></ExtSvrName><ScdExtSrvNam></ScdExtSrvNam><TrcCode>0</TrcCode><TrcName></TrcName><CardID></CardID><IF>96</IF><CliInf></CliInf></OpeInfo><OperatContInf></OperatContInf></OperationInf></LogRec><LogRec><LogInf><ID>0000009263</ID><LogTyp>2</LogTyp></LogInf><OperationInf><Code>1409</Code><Tim>2023/05/31 16:27:37</Tim><Res>65535</Res><NetTyp>1</NetTyp><EventTyp>2</EventTyp><OpeInfo><Code>83886080</Code><Name></Name><NameID></NameID><NetTyp>1</NetTyp><ExtSvrName></ExtSvrName><ScdExtSrvNam></ScdExtSrvNam><TrcCode>0</TrcCode><TrcName></TrcName><CardID></CardID><IF>96</IF><CliInf></CliInf></OpeInfo><OperatContInf></OperatContInf></OperationInf></LogRec><LogRec><LogInf><ID>0000009264</ID><LogTyp>2</LogTyp></LogInf><OperationInf><Code>514</Code><Tim>2023/05/31 16:27:38</Tim><Res>0</Res><NetTyp>1</NetTyp><EventTyp>0</EventTyp><OpeInfo><Code>33554432</Code><Name></Name><NameID></NameID><NetTyp>1</NetTyp><ExtSvrName></ExtSvrName><ScdExtSrvNam></ScdExtSrvNam><TrcCode>0</TrcCode><TrcName></TrcName><CardID></CardID><IF>128</IF><CliInf></CliInf></OpeInfo><OperatContInf></OperatContInf></OperationInf></LogRec><LogRec><LogInf><ID>0000009265</ID><LogTyp>2</LogTyp></LogInf><OperationInf><Code>1409</Code><Tim>2023/05/31 16:27:38</Tim><Res>65535</Res><NetTyp>1</NetTyp><EventTyp>2</EventTyp><OpeInfo><Code>83886080</Code><Name></Name><NameID></NameID><NetTyp>1</NetTyp><ExtSvrName></ExtSvrName><ScdExtSrvNam></ScdExtSrvNam><TrcCode>0</TrcCode><TrcName></TrcName><CardID></CardID><IF>96</IF><CliInf></CliInf></OpeInfo><OperatContInf></OperatContInf></OperationInf></LogRec><LogRec><LogInf><ID>0000009266</ID><LogTyp>2</LogTyp></LogInf><OperationInf><Code>1409</Code><Tim>2023/05/31 16:27:38</Tim><Res>65535</Res><NetTyp>1</NetTyp><EventTyp>2</EventTyp><OpeInfo><Code>83886080</Code><Name></Name><NameID></NameID><NetTyp>1</NetTyp><ExtSvrName></ExtSvrName><ScdExtSrvNam></ScdExtSrvNam><TrcCode>0</TrcCode><TrcName></TrcName><CardID></CardID><IF>96</IF><CliInf></CliInf></OpeInfo><OperatContInf></OperatContInf></OperationInf></LogRec><LogRec><LogInf><ID>0000009267</ID><LogTyp>2</LogTyp></LogInf><OperationInf><Code>1409</Code><Tim>2023/05/31 16:27:38</Tim><Res>65535</Res><NetTyp>1</NetTyp><EventTyp>2</EventTyp><OpeInfo><Code>83886080</Code><Name></Name><NameID></NameID><NetTyp>1</NetTyp><ExtSvrName></ExtSvrName><ScdExtSrvNam></ScdExtSrvNam><TrcCode>0</TrcCode><TrcName></TrcName><CardID></CardID><IF>96</IF><CliInf></CliInf></OpeInfo><OperatContInf></OperatContInf></OperationInf></LogRec><LogRec><LogInf><ID>0000009268</ID><LogTyp>2</LogTyp></LogInf><OperationInf><Code>1409</Code><Tim>2023/05/31 16:27:38</Tim><Res>65535</Res><NetTyp>1</NetTyp><EventTyp>2</EventTyp><OpeInfo><Code>83886080</Code><Name></Name><NameID></NameID><NetTyp>1</NetTyp><ExtSvrName></ExtSvrName><ScdExtSrvNam></ScdExtSrvNam><TrcCode>0</TrcCode><TrcName></TrcName><CardID></CardID><IF>96</IF><CliInf></CliInf></OpeInfo><OperatContInf></OperatContInf></OperationInf></LogRec><LogRec><LogInf><ID>0000009269</ID><LogTyp>2</LogTyp></LogInf><OperationInf><Code>1409</Code><Tim>2023/05/31 16:27:38</Tim><Res>65535</Res><NetTyp>1</NetTyp><EventTyp>2</EventTyp><OpeInfo><Code>83886080</Code><Name></Name><NameID></NameID><NetTyp>1</NetTyp><ExtSvrName></ExtSvrName><ScdExtSrvNam></ScdExtSrvNam><TrcCode>0</TrcCode><TrcName></TrcName><CardID></CardID><IF>96</IF><CliInf></CliInf></OpeInfo><OperatContInf></OperatContInf></OperationInf></LogRec><LogRec><LogInf><ID>0000009270</ID><LogTyp>2</LogTyp></LogInf><OperationInf><Code>1409</Code><Tim>2023/05/31 16:27:38</Tim><Res>65535</Res><NetTyp>1</NetTyp><EventTyp>2</EventTyp><OpeInfo><Code>83886080</Code><Name></Name><NameID></NameID><NetTyp>1</NetTyp><ExtSvrName></ExtSvrName><ScdExtSrvNam></ScdExtSrvNam><TrcCode>0</TrcCode><TrcName></TrcName><CardID></CardID><IF>96</IF><CliInf></CliInf></OpeInfo><OperatContInf></OperatContInf></OperationInf></LogRec><LogRec><LogInf><ID>0000009271</ID><LogTyp>2</LogTyp></LogInf><OperationInf><Code>1409</Code><Tim>2023/05/31 16:27:38</Tim><Res>65535</Res><NetTyp>1</NetTyp><EventTyp>2</EventTyp><OpeInfo><Code>83886080</Code><Name></Name><NameID></NameID><NetTyp>1</NetTyp><ExtSvrName></ExtSvrName><ScdExtSrvNam></ScdExtSrvNam><TrcCode>0</TrcCode><TrcName></TrcName><CardID></CardID><IF>96</IF><CliInf></CliInf></OpeInfo><OperatContInf></OperatContInf></OperationInf></LogRec><LogRec><LogInf><ID>0000009272</ID><LogTyp>2</LogTyp></LogInf><OperationInf><Code>1409</Code><Tim>2023/05/31 16:27:39</Tim><Res>65535</Res><NetTyp>1</NetTyp><EventTyp>2</EventTyp><OpeInfo><Code>83886080</Code><Name></Name><NameID></NameID><NetTyp>1</NetTyp><ExtSvrName></ExtSvrName><ScdExtSrvNam></ScdExtSrvNam><TrcCode>0</TrcCode><TrcName></TrcName><CardID></CardID><IF>96</IF><CliInf></CliInf></OpeInfo><OperatContInf></OperatContInf></OperationInf></LogRec><LogRec><LogInf><ID>0000009273</ID><LogTyp>2</LogTyp></LogInf><OperationInf><Code>1282</Code><Tim>2023/05/31 16:33:45</Tim><Res>0</Res><NetTyp>1</NetTyp><EventTyp>0</EventTyp><OpeInfo><Code>67108864</Code><Name>Public</Name><NameID></NameID><NetTyp>1</NetTyp><ExtSvrName></ExtSvrName><ScdExtSrvNam></ScdExtSrvNam><TrcCode>0</TrcCode><TrcName></TrcName><CardID></CardID><IF>16</IF><CliInf></CliInf></OpeInfo><OperatContInf></OperatContInf></OperationInf></LogRec><LogRec><LogInf><ID>0000009274</ID><LogTyp>2</LogTyp></LogInf><OperationInf><Code>1282</Code><Tim>2023/05/31 16:35:23</Tim><Res>0</Res><NetTyp>1</NetTyp><EventTyp>0</EventTyp><OpeInfo><Code>67108864</Code><Name>Public</Name><NameID></NameID><NetTyp>1</NetTyp><ExtSvrName></ExtSvrName><ScdExtSrvNam></ScdExtSrvNam><TrcCode>0</TrcCode><TrcName></TrcName><CardID></CardID><IF>16</IF><CliInf></CliInf></OpeInfo><OperatContInf></OperatContInf></OperationInf></LogRec><LogRec><LogInf><ID>0000009275</ID><LogTyp>2</LogTyp></LogInf><OperationInf><Code>1281</Code><Tim>2023/05/31 16:35:23</Tim><Res>0</Res><NetTyp>1</NetTyp><EventTyp>0</EventTyp><OpeInfo><Code>67108864</Code><Name>Public</Name><NameID></NameID><NetTyp>1</NetTyp><ExtSvrName></ExtSvrName><ScdExtSrvNam></ScdExtSrvNam><TrcCode>0</TrcCode><TrcName></TrcName><CardID></CardID><IF>16</IF><CliInf></CliInf></OpeInfo><OperatContInf></OperatContInf></OperationInf></LogRec><LogRec><LogInf><ID>0000009276</ID><LogTyp>2</LogTyp></LogInf><OperationInf><Code>1409</Code><Tim>2023/05/31 16:42:49</Tim><Res>65535</Res><NetTyp>1</NetTyp><EventTyp>2</EventTyp><OpeInfo><Code>83886080</Code><Name></Name><NameID></NameID><NetTyp>1</NetTyp><ExtSvrName></ExtSvrName><ScdExtSrvNam></ScdExtSrvNam><TrcCode>0</TrcCode><TrcName></TrcName><CardID></CardID><IF>96</IF><CliInf></CliInf></OpeInfo><OperatContInf></OperatContInf></OperationInf></LogRec><LogRec><LogInf><ID>0000009277</ID><LogTyp>2</LogTyp></LogInf><OperationInf><Code>1281</Code><Tim>2023/05/31 16:42:49</Tim><Res>0</Res><NetTyp>1</NetTyp><EventTyp>0</EventTyp><OpeInfo><Code>67108864</Code><Name>Public</Name><NameID></NameID><NetTyp>1</NetTyp><ExtSvrName></ExtSvrName><ScdExtSrvNam></ScdExtSrvNam><TrcCode>0</TrcCode><TrcName></TrcName><CardID></CardID><IF>128</IF><CliInf></CliInf></OpeInfo><OperatContInf></OperatContInf></OperationInf></LogRec><LogRec><LogInf><ID>0000009278</ID><LogTyp>2</LogTyp></LogInf><OperationInf><Code>1409</Code><Tim>2023/05/31 16:42:50</Tim><Res>65535</Res><NetTyp>1</NetTyp><EventTyp>2</EventTyp><OpeInfo><Code>83886080</Code><Name></Name><NameID></NameID><NetTyp>1</NetTyp><ExtSvrName></ExtSvrName><ScdExtSrvNam></ScdExtSrvNam><TrcCode>0</TrcCode><TrcName></TrcName><CardID></CardID><IF>96</IF><CliInf></CliInf></OpeInfo><OperatContInf></OperatContInf></OperationInf></LogRec><LogRec><LogInf><ID>0000009279</ID><LogTyp>2</LogTyp></LogInf><OperationInf><Code>1409</Code><Tim>2023/05/31 16:42:50</Tim><Res>65535</Res><NetTyp>1</NetTyp><EventTyp>2</EventTyp><OpeInfo><Code>83886080</Code><Name></Name><NameID></NameID><NetTyp>1</NetTyp><ExtSvrName></ExtSvrName><ScdExtSrvNam></ScdExtSrvNam><TrcCode>0</TrcCode><TrcName></TrcName><CardID></CardID><IF>96</IF><CliInf></CliInf></OpeInfo><OperatContInf></OperatContInf></OperationInf></LogRec><LogRec><LogInf><ID>0000009280</ID><LogTyp>2</LogTyp></LogInf><OperationInf><Code>1409</Code><Tim>2023/05/31 16:42:50</Tim><Res>65535</Res><NetTyp>1</NetTyp><EventTyp>2</EventTyp><OpeInfo><Code>83886080</Code><Name></Name><NameID></NameID><NetTyp>1</NetTyp><ExtSvrName></ExtSvrName><ScdExtSrvNam></ScdExtSrvNam><TrcCode>0</TrcCode><TrcName></TrcName><CardID></CardID><IF>96</IF><CliInf></CliInf></OpeInfo><OperatContInf></OperatContInf></OperationInf></LogRec><LogRec><LogInf><ID>0000009281</ID><LogTyp>2</LogTyp></LogInf><OperationInf><Code>1409</Code><Tim>2023/05/31 16:42:50</Tim><Res>65535</Res><NetTyp>1</NetTyp><EventTyp>2</EventTyp><OpeInfo><Code>83886080</Code><Name></Name><NameID></NameID><NetTyp>1</NetTyp><ExtSvrName></ExtSvrName><ScdExtSrvNam></ScdExtSrvNam><TrcCode>0</TrcCode><TrcName></TrcName><CardID></CardID><IF>96</IF><CliInf></CliInf></OpeInfo><OperatContInf></OperatContInf></OperationInf></LogRec><LogRec><LogInf><ID>0000009282</ID><LogTyp>2</LogTyp></LogInf><OperationInf><Code>1409</Code><Tim>2023/05/31 16:42:51</Tim><Res>65535</Res><NetTyp>1</NetTyp><EventTyp>2</EventTyp><OpeInfo><Code>83886080</Code><Name></Name><NameID></NameID><NetTyp>1</NetTyp><ExtSvrName></ExtSvrName><ScdExtSrvNam></ScdExtSrvNam><TrcCode>0</TrcCode><TrcName></TrcName><CardID></CardID><IF>96</IF><CliInf></CliInf></OpeInfo><OperatContInf></OperatContInf></OperationInf></LogRec><LogRec><LogInf><ID>0000009283</ID><LogTyp>2</LogTyp></LogInf><OperationInf><Code>1409</Code><Tim>2023/05/31 16:42:51</Tim><Res>65535</Res><NetTyp>1</NetTyp><EventTyp>2</EventTyp><OpeInfo><Code>83886080</Code><Name></Name><NameID></NameID><NetTyp>1</NetTyp><ExtSvrName></ExtSvrName><ScdExtSrvNam></ScdExtSrvNam><TrcCode>0</TrcCode><TrcName></TrcName><CardID></CardID><IF>96</IF><CliInf></CliInf></OpeInfo><OperatContInf></OperatContInf></OperationInf></LogRec><LogRec><LogInf><ID>0000009284</ID><LogTyp>2</LogTyp></LogInf><OperationInf><Code>1409</Code><Tim>2023/05/31 16:42:51</Tim><Res>65535</Res><NetTyp>1</NetTyp><EventTyp>2</EventTyp><OpeInfo><Code>83886080</Code><Name></Name><NameID></NameID><NetTyp>1</NetTyp><ExtSvrName></ExtSvrName><ScdExtSrvNam></ScdExtSrvNam><TrcCode>0</TrcCode><TrcName></TrcName><CardID></CardID><IF>96</IF><CliInf></CliInf></OpeInfo><OperatContInf></OperatContInf></OperationInf></LogRec><LogRec><LogInf><ID>0000009285</ID><LogTyp>2</LogTyp></LogInf><OperationInf><Code>1409</Code><Tim>2023/05/31 16:42:51</Tim><Res>65535</Res><NetTyp>1</NetTyp><EventTyp>2</EventTyp><OpeInfo><Code>83886080</Code><Name></Name><NameID></NameID><NetTyp>1</NetTyp><ExtSvrName></ExtSvrName><ScdExtSrvNam></ScdExtSrvNam><TrcCode>0</TrcCode><TrcName></TrcName><CardID></CardID><IF>96</IF><CliInf></CliInf></OpeInfo><OperatContInf></OperatContInf></OperationInf></LogRec><LogRec><LogInf><ID>0000009286</ID><LogTyp>2</LogTyp></LogInf><OperationInf><Code>1409</Code><Tim>2023/05/31 16:42:51</Tim><Res>65535</Res><NetTyp>1</NetTyp><EventTyp>2</EventTyp><OpeInfo><Code>83886080</Code><Name></Name><NameID></NameID><NetTyp>1</NetTyp><ExtSvrName></ExtSvrName><ScdExtSrvNam></ScdExtSrvNam><TrcCode>0</TrcCode><TrcName></TrcName><CardID></CardID><IF>96</IF><CliInf></CliInf></OpeInfo><OperatContInf></OperatContInf></OperationInf></LogRec><LogRec><LogInf><ID>0000009287</ID><LogTyp>2</LogTyp></LogInf><OperationInf><Code>1409</Code><Tim>2023/05/31 16:42:51</Tim><Res>65535</Res><NetTyp>1</NetTyp><EventTyp>2</EventTyp><OpeInfo><Code>83886080</Code><Name></Name><NameID></NameID><NetTyp>1</NetTyp><ExtSvrName></ExtSvrName><ScdExtSrvNam></ScdExtSrvNam><TrcCode>0</TrcCode><TrcName></TrcName><CardID></CardID><IF>96</IF><CliInf></CliInf></OpeInfo><OperatContInf></OperatContInf></OperationInf></LogRec><LogRec><LogInf><ID>0000009288</ID><LogTyp>2</LogTyp></LogInf><OperationInf><Code>1409</Code><Tim>2023/05/31 16:42:51</Tim><Res>65535</Res><NetTyp>1</NetTyp><EventTyp>2</EventTyp><OpeInfo><Code>83886080</Code><Name></Name><NameID></NameID><NetTyp>1</NetTyp><ExtSvrName></ExtSvrName><ScdExtSrvNam></ScdExtSrvNam><TrcCode>0</TrcCode><TrcName></TrcName><CardID></CardID><IF>96</IF><CliInf></CliInf></OpeInfo><OperatContInf></OperatContInf></OperationInf></LogRec><LogRec><LogInf><ID>0000009289</ID><LogTyp>2</LogTyp></LogInf><OperationInf><Code>1409</Code><Tim>2023/05/31 16:42:51</Tim><Res>65535</Res><NetTyp>1</NetTyp><EventTyp>2</EventTyp><OpeInfo><Code>83886080</Code><Name></Name><NameID></NameID><NetTyp>1</NetTyp><ExtSvrName></ExtSvrName><ScdExtSrvNam></ScdExtSrvNam><TrcCode>0</TrcCode><TrcName></TrcName><CardID></CardID><IF>96</IF><CliInf></CliInf></OpeInfo><OperatContInf></OperatContInf></OperationInf></LogRec><LogRec><LogInf><ID>0000009290</ID><LogTyp>2</LogTyp></LogInf><OperationInf><Code>1409</Code><Tim>2023/05/31 16:42:54</Tim><Res>65535</Res><NetTyp>1</NetTyp><EventTyp>2</EventTyp><OpeInfo><Code>83886080</Code><Name></Name><NameID></NameID><NetTyp>1</NetTyp><ExtSvrName></ExtSvrName><ScdExtSrvNam></ScdExtSrvNam><TrcCode>0</TrcCode><TrcName></TrcName><CardID></CardID><IF>96</IF><CliInf></CliInf></OpeInfo><OperatContInf></OperatContInf></OperationInf></LogRec><LogRec><LogInf><ID>0000009291</ID><LogTyp>2</LogTyp></LogInf><OperationInf><Code>1409</Code><Tim>2023/05/31 16:42:55</Tim><Res>65535</Res><NetTyp>1</NetTyp><EventTyp>2</EventTyp><OpeInfo><Code>83886080</Code><Name></Name><NameID></NameID><NetTyp>1</NetTyp><ExtSvrName></ExtSvrName><ScdExtSrvNam></ScdExtSrvNam><TrcCode>0</TrcCode><TrcName></TrcName><CardID></CardID><IF>96</IF><CliInf></CliInf></OpeInfo><OperatContInf></OperatContInf></OperationInf></LogRec><LogRec><LogInf><ID>0000009292</ID><LogTyp>2</LogTyp></LogInf><OperationInf><Code>1409</Code><Tim>2023/05/31 16:42:56</Tim><Res>65535</Res><NetTyp>1</NetTyp><EventTyp>2</EventTyp><OpeInfo><Code>83886080</Code><Name></Name><NameID></NameID><NetTyp>1</NetTyp><ExtSvrName></ExtSvrName><ScdExtSrvNam></ScdExtSrvNam><TrcCode>0</TrcCode><TrcName></TrcName><CardID></CardID><IF>96</IF><CliInf></CliInf></OpeInfo><OperatContInf></OperatContInf></OperationInf></LogRec><LogRec><LogInf><ID>0000009293</ID><LogTyp>2</LogTyp></LogInf><OperationInf><Code>1282</Code><Tim>2023/05/31 16:43:13</Tim><Res>0</Res><NetTyp>1</NetTyp><EventTyp>0</EventTyp><OpeInfo><Code>67108864</Code><Name>Public</Name><NameID></NameID><NetTyp>1</NetTyp><ExtSvrName></ExtSvrName><ScdExtSrvNam></ScdExtSrvNam><TrcCode>0</TrcCode><TrcName></TrcName><CardID></CardID><IF>128</IF><CliInf></CliInf></OpeInfo><OperatContInf></OperatContInf></OperationInf></LogRec><LogRec><LogInf><ID>0000009294</ID><LogTyp>2</LogTyp></LogInf><OperationInf><Code>1409</Code><Tim>2023/05/31 16:43:14</Tim><Res>65535</Res><NetTyp>1</NetTyp><EventTyp>2</EventTyp><OpeInfo><Code>83886080</Code><Name></Name><NameID></NameID><NetTyp>1</NetTyp><ExtSvrName></ExtSvrName><ScdExtSrvNam></ScdExtSrvNam><TrcCode>0</TrcCode><TrcName></TrcName><CardID></CardID><IF>96</IF><CliInf></CliInf></OpeInfo><OperatContInf></OperatContInf></OperationInf></LogRec><LogRec><LogInf><ID>0000009295</ID><LogTyp>2</LogTyp></LogInf><OperationInf><Code>1409</Code><Tim>2023/05/31 16:43:14</Tim><Res>65535</Res><NetTyp>1</NetTyp><EventTyp>2</EventTyp><OpeInfo><Code>83886080</Code><Name></Name><NameID></NameID><NetTyp>1</NetTyp><ExtSvrName></ExtSvrName><ScdExtSrvNam></ScdExtSrvNam><TrcCode>0</TrcCode><TrcName></TrcName><CardID></CardID><IF>96</IF><CliInf></CliInf></OpeInfo><OperatContInf></OperatContInf></OperationInf></LogRec><LogRec><LogInf><ID>0000009296</ID><LogTyp>2</LogTyp></LogInf><OperationInf><Code>1409</Code><Tim>2023/05/31 16:43:14</Tim><Res>65535</Res><NetTyp>1</NetTyp><EventTyp>2</EventTyp><OpeInfo><Code>83886080</Code><Name></Name><NameID></NameID><NetTyp>1</NetTyp><ExtSvrName></ExtSvrName><ScdExtSrvNam></ScdExtSrvNam><TrcCode>0</TrcCode><TrcName></TrcName><CardID></CardID><IF>96</IF><CliInf></CliInf></OpeInfo><OperatContInf></OperatContInf></OperationInf></LogRec><LogRec><LogInf><ID>0000009297</ID><LogTyp>2</LogTyp></LogInf><OperationInf><Code>1409</Code><Tim>2023/05/31 16:43:14</Tim><Res>65535</Res><NetTyp>1</NetTyp><EventTyp>2</EventTyp><OpeInfo><Code>83886080</Code><Name></Name><NameID></NameID><NetTyp>1</NetTyp><ExtSvrName></ExtSvrName><ScdExtSrvNam></ScdExtSrvNam><TrcCode>0</TrcCode><TrcName></TrcName><CardID></CardID><IF>96</IF><CliInf></CliInf></OpeInfo><OperatContInf></OperatContInf></OperationInf></LogRec><LogRec><LogInf><ID>0000009298</ID><LogTyp>2</LogTyp></LogInf><OperationInf><Code>1409</Code><Tim>2023/05/31 16:43:14</Tim><Res>65535</Res><NetTyp>1</NetTyp><EventTyp>2</EventTyp><OpeInfo><Code>83886080</Code><Name></Name><NameID></NameID><NetTyp>1</NetTyp><ExtSvrName></ExtSvrName><ScdExtSrvNam></ScdExtSrvNam><TrcCode>0</TrcCode><TrcName></TrcName><CardID></CardID><IF>96</IF><CliInf></CliInf></OpeInfo><OperatContInf></OperatContInf></OperationInf></LogRec><LogRec><LogInf><ID>0000009299</ID><LogTyp>2</LogTyp></LogInf><OperationInf><Code>1409</Code><Tim>2023/05/31 16:43:14</Tim><Res>65535</Res><NetTyp>1</NetTyp><EventTyp>2</EventTyp><OpeInfo><Code>83886080</Code><Name></Name><NameID></NameID><NetTyp>1</NetTyp><ExtSvrName></ExtSvrName><ScdExtSrvNam></ScdExtSrvNam><TrcCode>0</TrcCode><TrcName></TrcName><CardID></CardID><IF>96</IF><CliInf></CliInf></OpeInfo><OperatContInf></OperatContInf></OperationInf></LogRec><LogRec><LogInf><ID>0000009300</ID><LogTyp>2</LogTyp></LogInf><OperationInf><Code>1409</Code><Tim>2023/05/31 16:43:14</Tim><Res>65535</Res><NetTyp>1</NetTyp><EventTyp>2</EventTyp><OpeInfo><Code>83886080</Code><Name></Name><NameID></NameID><NetTyp>1</NetTyp><ExtSvrName></ExtSvrName><ScdExtSrvNam></ScdExtSrvNam><TrcCode>0</TrcCode><TrcName></TrcName><CardID></CardID><IF>96</IF><CliInf></CliInf></OpeInfo><OperatContInf></OperatContInf></OperationInf></LogRec><LogRec><LogInf><ID>0000009301</ID><LogTyp>2</LogTyp></LogInf><OperationInf><Code>1409</Code><Tim>2023/05/31 16:43:14</Tim><Res>65535</Res><NetTyp>1</NetTyp><EventTyp>2</EventTyp><OpeInfo><Code>83886080</Code><Name></Name><NameID></NameID><NetTyp>1</NetTyp><ExtSvrName></ExtSvrName><ScdExtSrvNam></ScdExtSrvNam><TrcCode>0</TrcCode><TrcName></TrcName><CardID></CardID><IF>96</IF><CliInf></CliInf></OpeInfo><OperatContInf></OperatContInf></OperationInf></LogRec><LogRec><LogInf><ID>0000009302</ID><LogTyp>2</LogTyp></LogInf><OperationInf><Code>1409</Code><Tim>2023/05/31 16:43:14</Tim><Res>65535</Res><NetTyp>1</NetTyp><EventTyp>2</EventTyp><OpeInfo><Code>83886080</Code><Name></Name><NameID></NameID><NetTyp>1</NetTyp><ExtSvrName></ExtSvrName><ScdExtSrvNam></ScdExtSrvNam><TrcCode>0</TrcCode><TrcName></TrcName><CardID></CardID><IF>96</IF><CliInf></CliInf></OpeInfo><OperatContInf></OperatContInf></OperationInf></LogRec><LogRec><LogInf><ID>0000009303</ID><LogTyp>2</LogTyp></LogInf><OperationInf><Code>1409</Code><Tim>2023/05/31 16:43:14</Tim><Res>65535</Res><NetTyp>1</NetTyp><EventTyp>2</EventTyp><OpeInfo><Code>83886080</Code><Name></Name><NameID></NameID><NetTyp>1</NetTyp><ExtSvrName></ExtSvrName><ScdExtSrvNam></ScdExtSrvNam><TrcCode>0</TrcCode><TrcName></TrcName><CardID></CardID><IF>96</IF><CliInf></CliInf></OpeInfo><OperatContInf></OperatContInf></OperationInf></LogRec><LogRec><LogInf><ID>0000009304</ID><LogTyp>2</LogTyp></LogInf><OperationInf><Code>1409</Code><Tim>2023/05/31 16:43:21</Tim><Res>65535</Res><NetTyp>1</NetTyp><EventTyp>2</EventTyp><OpeInfo><Code>83886080</Code><Name></Name><NameID></NameID><NetTyp>1</NetTyp><ExtSvrName></ExtSvrName><ScdExtSrvNam></ScdExtSrvNam><TrcCode>0</TrcCode><TrcName></TrcName><CardID></CardID><IF>96</IF><CliInf></CliInf></OpeInfo><OperatContInf></OperatContInf></OperationInf></LogRec><LogRec><LogInf><ID>0000009305</ID><LogTyp>2</LogTyp></LogInf><OperationInf><Code>513</Code><Tim>2023/05/31 16:43:22</Tim><Res>0</Res><NetTyp>1</NetTyp><EventTyp>0</EventTyp><OpeInfo><Code>33554432</Code><Name></Name><NameID></NameID><NetTyp>1</NetTyp><ExtSvrName></ExtSvrName><ScdExtSrvNam></ScdExtSrvNam><TrcCode>0</TrcCode><TrcName></TrcName><CardID></CardID><IF>128</IF><CliInf></CliInf></OpeInfo><OperatContInf></OperatContInf></OperationInf></LogRec><LogRec><LogInf><ID>0000009306</ID><LogTyp>2</LogTyp></LogInf><OperationInf><Code>1409</Code><Tim>2023/05/31 16:43:22</Tim><Res>65535</Res><NetTyp>1</NetTyp><EventTyp>2</EventTyp><OpeInfo><Code>83886080</Code><Name></Name><NameID></NameID><NetTyp>1</NetTyp><ExtSvrName></ExtSvrName><ScdExtSrvNam></ScdExtSrvNam><TrcCode>0</TrcCode><TrcName></TrcName><CardID></CardID><IF>96</IF><CliInf></CliInf></OpeInfo><OperatContInf></OperatContInf></OperationInf></LogRec><LogRec><LogInf><ID>0000009307</ID><LogTyp>2</LogTyp></LogInf><OperationInf><Code>1409</Code><Tim>2023/05/31 16:43:22</Tim><Res>65535</Res><NetTyp>1</NetTyp><EventTyp>2</EventTyp><OpeInfo><Code>83886080</Code><Name></Name><NameID></NameID><NetTyp>1</NetTyp><ExtSvrName></ExtSvrName><ScdExtSrvNam></ScdExtSrvNam><TrcCode>0</TrcCode><TrcName></TrcName><CardID></CardID><IF>96</IF><CliInf></CliInf></OpeInfo><OperatContInf></OperatContInf></OperationInf></LogRec><LogRec><LogInf><ID>0000009308</ID><LogTyp>2</LogTyp></LogInf><OperationInf><Code>1409</Code><Tim>2023/05/31 16:43:22</Tim><Res>65535</Res><NetTyp>1</NetTyp><EventTyp>2</EventTyp><OpeInfo><Code>83886080</Code><Name></Name><NameID></NameID><NetTyp>1</NetTyp><ExtSvrName></ExtSvrName><ScdExtSrvNam></ScdExtSrvNam><TrcCode>0</TrcCode><TrcName></TrcName><CardID></CardID><IF>96</IF><CliInf></CliInf></OpeInfo><OperatContInf></OperatContInf></OperationInf></LogRec><LogRec><LogInf><ID>0000009309</ID><LogTyp>2</LogTyp></LogInf><OperationInf><Code>1409</Code><Tim>2023/05/31 16:43:22</Tim><Res>65535</Res><NetTyp>1</NetTyp><EventTyp>2</EventTyp><OpeInfo><Code>83886080</Code><Name></Name><NameID></NameID><NetTyp>1</NetTyp><ExtSvrName></ExtSvrName><ScdExtSrvNam></ScdExtSrvNam><TrcCode>0</TrcCode><TrcName></TrcName><CardID></CardID><IF>96</IF><CliInf></CliInf></OpeInfo><OperatContInf></OperatContInf></OperationInf></LogRec><LogRec><LogInf><ID>0000009310</ID><LogTyp>2</LogTyp></LogInf><OperationInf><Code>1409</Code><Tim>2023/05/31 16:43:22</Tim><Res>65535</Res><NetTyp>1</NetTyp><EventTyp>2</EventTyp><OpeInfo><Code>83886080</Code><Name></Name><NameID></NameID><NetTyp>1</NetTyp><ExtSvrName></ExtSvrName><ScdExtSrvNam></ScdExtSrvNam><TrcCode>0</TrcCode><TrcName></TrcName><CardID></CardID><IF>96</IF><CliInf></CliInf></OpeInfo><OperatContInf></OperatContInf></OperationInf></LogRec><LogRec><LogInf><ID>0000009311</ID><LogTyp>2</LogTyp></LogInf><OperationInf><Code>1409</Code><Tim>2023/05/31 16:43:22</Tim><Res>65535</Res><NetTyp>1</NetTyp><EventTyp>2</EventTyp><OpeInfo><Code>83886080</Code><Name></Name><NameID></NameID><NetTyp>1</NetTyp><ExtSvrName></ExtSvrName><ScdExtSrvNam></ScdExtSrvNam><TrcCode>0</TrcCode><TrcName></TrcName><CardID></CardID><IF>96</IF><CliInf></CliInf></OpeInfo><OperatContInf></OperatContInf></OperationInf></LogRec><LogRec><LogInf><ID>0000009312</ID><LogTyp>2</LogTyp></LogInf><OperationInf><Code>1409</Code><Tim>2023/05/31 16:43:22</Tim><Res>65535</Res><NetTyp>1</NetTyp><EventTyp>2</EventTyp><OpeInfo><Code>83886080</Code><Name></Name><NameID></NameID><NetTyp>1</NetTyp><ExtSvrName></ExtSvrName><ScdExtSrvNam></ScdExtSrvNam><TrcCode>0</TrcCode><TrcName></TrcName><CardID></CardID><IF>96</IF><CliInf></CliInf></OpeInfo><OperatContInf></OperatContInf></OperationInf></LogRec><LogRec><LogInf><ID>0000009313</ID><LogTyp>2</LogTyp></LogInf><OperationInf><Code>1409</Code><Tim>2023/05/31 16:43:22</Tim><Res>65535</Res><NetTyp>1</NetTyp><EventTyp>2</EventTyp><OpeInfo><Code>83886080</Code><Name></Name><NameID></NameID><NetTyp>1</NetTyp><ExtSvrName></ExtSvrName><ScdExtSrvNam></ScdExtSrvNam><TrcCode>0</TrcCode><TrcName></TrcName><CardID></CardID><IF>96</IF><CliInf></CliInf></OpeInfo><OperatContInf></OperatContInf></OperationInf></LogRec><LogRec><LogInf><ID>0000009314</ID><LogTyp>2</LogTyp></LogInf><OperationInf><Code>1409</Code><Tim>2023/05/31 16:43:22</Tim><Res>65535</Res><NetTyp>1</NetTyp><EventTyp>2</EventTyp><OpeInfo><Code>83886080</Code><Name></Name><NameID></NameID><NetTyp>1</NetTyp><ExtSvrName></ExtSvrName><ScdExtSrvNam></ScdExtSrvNam><TrcCode>0</TrcCode><TrcName></TrcName><CardID></CardID><IF>96</IF><CliInf></CliInf></OpeInfo><OperatContInf></OperatContInf></OperationInf></LogRec><LogRec><LogInf><ID>0000009315</ID><LogTyp>2</LogTyp></LogInf><OperationInf><Code>1409</Code><Tim>2023/05/31 16:43:22</Tim><Res>65535</Res><NetTyp>1</NetTyp><EventTyp>2</EventTyp><OpeInfo><Code>83886080</Code><Name></Name><NameID></NameID><NetTyp>1</NetTyp><ExtSvrName></ExtSvrName><ScdExtSrvNam></ScdExtSrvNam><TrcCode>0</TrcCode><TrcName></TrcName><CardID></CardID><IF>96</IF><CliInf></CliInf></OpeInfo><OperatContInf></OperatContInf></OperationInf></LogRec><LogRec><LogInf><ID>0000009316</ID><LogTyp>2</LogTyp></LogInf><OperationInf><Code>1409</Code><Tim>2023/05/31 16:43:26</Tim><Res>65535</Res><NetTyp>1</NetTyp><EventTyp>2</EventTyp><OpeInfo><Code>83886080</Code><Name></Name><NameID></NameID><NetTyp>1</NetTyp><ExtSvrName></ExtSvrName><ScdExtSrvNam></ScdExtSrvNam><TrcCode>0</TrcCode><TrcName></TrcName><CardID></CardID><IF>96</IF><CliInf></CliInf></OpeInfo><OperatContInf></OperatContInf></OperationInf></LogRec><LogRec><LogInf><ID>0000009317</ID><LogTyp>2</LogTyp></LogInf><OperationInf><Code>1409</Code><Tim>2023/05/31 16:43:26</Tim><Res>65535</Res><NetTyp>1</NetTyp><EventTyp>2</EventTyp><OpeInfo><Code>83886080</Code><Name></Name><NameID></NameID><NetTyp>1</NetTyp><ExtSvrName></ExtSvrName><ScdExtSrvNam></ScdExtSrvNam><TrcCode>0</TrcCode><TrcName></TrcName><CardID></CardID><IF>96</IF><CliInf></CliInf></OpeInfo><OperatContInf></OperatContInf></OperationInf></LogRec><LogRec><LogInf><ID>0000009318</ID><LogTyp>2</LogTyp></LogInf><OperationInf><Code>1409</Code><Tim>2023/05/31 16:43:29</Tim><Res>65535</Res><NetTyp>1</NetTyp><EventTyp>2</EventTyp><OpeInfo><Code>83886080</Code><Name></Name><NameID></NameID><NetTyp>1</NetTyp><ExtSvrName></ExtSvrName><ScdExtSrvNam></ScdExtSrvNam><TrcCode>0</TrcCode><TrcName></TrcName><CardID></CardID><IF>96</IF><CliInf></CliInf></OpeInfo><OperatContInf></OperatContInf></OperationInf></LogRec><LogRec><LogInf><ID>0000009319</ID><LogTyp>2</LogTyp></LogInf><OperationInf><Code>1409</Code><Tim>2023/05/31 16:43:33</Tim><Res>65535</Res><NetTyp>1</NetTyp><EventTyp>2</EventTyp><OpeInfo><Code>83886080</Code><Name></Name><NameID></NameID><NetTyp>1</NetTyp><ExtSvrName></ExtSvrName><ScdExtSrvNam></ScdExtSrvNam><TrcCode>0</TrcCode><TrcName></TrcName><CardID></CardID><IF>96</IF><CliInf></CliInf></OpeInfo><OperatContInf></OperatContInf></OperationInf></LogRec><LogRec><LogInf><ID>0000009320</ID><LogTyp>2</LogTyp></LogInf><OperationInf><Code>1409</Code><Tim>2023/05/31 16:43:33</Tim><Res>65535</Res><NetTyp>1</NetTyp><EventTyp>2</EventTyp><OpeInfo><Code>83886080</Code><Name></Name><NameID></NameID><NetTyp>1</NetTyp><ExtSvrName></ExtSvrName><ScdExtSrvNam></ScdExtSrvNam><TrcCode>0</TrcCode><TrcName></TrcName><CardID></CardID><IF>96</IF><CliInf></CliInf></OpeInfo><OperatContInf></OperatContInf></OperationInf></LogRec><LogRec><LogInf><ID>0000009321</ID><LogTyp>2</LogTyp></LogInf><OperationInf><Code>1282</Code><Tim>2023/05/31 16:43:33</Tim><Res>0</Res><NetTyp>1</NetTyp><EventTyp>0</EventTyp><OpeInfo><Code>67108864</Code><Name>Public</Name><NameID></NameID><NetTyp>1</NetTyp><ExtSvrName></ExtSvrName><ScdExtSrvNam></ScdExtSrvNam><TrcCode>0</TrcCode><TrcName></TrcName><CardID></CardID><IF>16</IF><CliInf></CliInf></OpeInfo><OperatContInf></OperatContInf></OperationInf></LogRec><LogRec><LogInf><ID>0000009322</ID><LogTyp>2</LogTyp></LogInf><OperationInf><Code>1281</Code><Tim>2023/05/31 16:43:35</Tim><Res>0</Res><NetTyp>1</NetTyp><EventTyp>0</EventTyp><OpeInfo><Code>67108864</Code><Name>Public</Name><NameID></NameID><NetTyp>1</NetTyp><ExtSvrName></ExtSvrName><ScdExtSrvNam></ScdExtSrvNam><TrcCode>0</TrcCode><TrcName></TrcName><CardID></CardID><IF>16</IF><CliInf></CliInf></OpeInfo><OperatContInf></OperatContInf></OperationInf></LogRec><LogRec><LogInf><ID>0000009323</ID><LogTyp>2</LogTyp></LogInf><OperationInf><Code>1409</Code><Tim>2023/05/31 16:43:54</Tim><Res>65535</Res><NetTyp>1</NetTyp><EventTyp>2</EventTyp><OpeInfo><Code>83886080</Code><Name></Name><NameID></NameID><NetTyp>1</NetTyp><ExtSvrName></ExtSvrName><ScdExtSrvNam></ScdExtSrvNam><TrcCode>0</TrcCode><TrcName></TrcName><CardID></CardID><IF>96</IF><CliInf></CliInf></OpeInfo><OperatContInf></OperatContInf></OperationInf></LogRec><LogRec><LogInf><ID>0000009324</ID><LogTyp>2</LogTyp></LogInf><OperationInf><Code>1409</Code><Tim>2023/05/31 16:44:16</Tim><Res>65535</Res><NetTyp>1</NetTyp><EventTyp>2</EventTyp><OpeInfo><Code>83886080</Code><Name></Name><NameID></NameID><NetTyp>1</NetTyp><ExtSvrName></ExtSvrName><ScdExtSrvNam></ScdExtSrvNam><TrcCode>0</TrcCode><TrcName></TrcName><CardID></CardID><IF>96</IF><CliInf></CliInf></OpeInfo><OperatContInf></OperatContInf></OperationInf></LogRec><LogRec><LogInf><ID>0000009325</ID><LogTyp>2</LogTyp></LogInf><OperationInf><Code>5529</Code><Tim>2023/05/31 16:44:16</Tim><Res>0</Res><NetTyp>1</NetTyp><EventTyp>0</EventTyp><OpeInfo><Code>33554432</Code><Name></Name><NameID></NameID><NetTyp>1</NetTyp><ExtSvrName></ExtSvrName><ScdExtSrvNam></ScdExtSrvNam><TrcCode>0</TrcCode><TrcName></TrcName><CardID></CardID><IF>128</IF><CliInf></CliInf></OpeInfo><OperatContInf></OperatContInf></OperationInf></LogRec><LogRec><LogInf><ID>0000009326</ID><LogTyp>2</LogTyp></LogInf><OperationInf><Code>5530</Code><Tim>2023/05/31 16:44:16</Tim><Res>0</Res><NetTyp>1</NetTyp><EventTyp>0</EventTyp><OpeInfo><Code>33554432</Code><Name></Name><NameID></NameID><NetTyp>1</NetTyp><ExtSvrName></ExtSvrName><ScdExtSrvNam></ScdExtSrvNam><TrcCode>0</TrcCode><TrcName></TrcName><CardID></CardID><IF>128</IF><CliInf></CliInf></OpeInfo><OperatContInf></OperatContInf></OperationInf></LogRec><LogRec><LogInf><ID>0000009327</ID><LogTyp>2</LogTyp></LogInf><OperationInf><Code>5531</Code><Tim>2023/05/31 16:44:16</Tim><Res>0</Res><NetTyp>1</NetTyp><EventTyp>0</EventTyp><OpeInfo><Code>33554432</Code><Name></Name><NameID></NameID><NetTyp>1</NetTyp><ExtSvrName></ExtSvrName><ScdExtSrvNam></ScdExtSrvNam><TrcCode>0</TrcCode><TrcName></TrcName><CardID></CardID><IF>128</IF><CliInf></CliInf></OpeInfo><OperatContInf></OperatContInf></OperationInf></LogRec><LogRec><LogInf><ID>0000009328</ID><LogTyp>2</LogTyp></LogInf><OperationInf><Code>5532</Code><Tim>2023/05/31 16:44:16</Tim><Res>0</Res><NetTyp>1</NetTyp><EventTyp>0</EventTyp><OpeInfo><Code>33554432</Code><Name></Name><NameID></NameID><NetTyp>1</NetTyp><ExtSvrName></ExtSvrName><ScdExtSrvNam></ScdExtSrvNam><TrcCode>0</TrcCode><TrcName></TrcName><CardID></CardID><IF>128</IF><CliInf></CliInf></OpeInfo><OperatContInf></OperatContInf></OperationInf></LogRec><LogRec><LogInf><ID>0000009329</ID><LogTyp>2</LogTyp></LogInf><OperationInf><Code>5533</Code><Tim>2023/05/31 16:44:16</Tim><Res>0</Res><NetTyp>1</NetTyp><EventTyp>0</EventTyp><OpeInfo><Code>33554432</Code><Name></Name><NameID></NameID><NetTyp>1</NetTyp><ExtSvrName></ExtSvrName><ScdExtSrvNam></ScdExtSrvNam><TrcCode>0</TrcCode><TrcName></TrcName><CardID></CardID><IF>128</IF><CliInf></CliInf></OpeInfo><OperatContInf></OperatContInf></OperationInf></LogRec><LogRec><LogInf><ID>0000009330</ID><LogTyp>2</LogTyp></LogInf><OperationInf><Code>5535</Code><Tim>2023/05/31 16:44:16</Tim><Res>0</Res><NetTyp>1</NetTyp><EventTyp>0</EventTyp><OpeInfo><Code>33554432</Code><Name></Name><NameID></NameID><NetTyp>1</NetTyp><ExtSvrName></ExtSvrName><ScdExtSrvNam></ScdExtSrvNam><TrcCode>0</TrcCode><TrcName></TrcName><CardID></CardID><IF>128</IF><CliInf></CliInf></OpeInfo><OperatContInf></OperatContInf></OperationInf></LogRec><LogRec><LogInf><ID>0000009331</ID><LogTyp>2</LogTyp></LogInf><OperationInf><Code>5534</Code><Tim>2023/05/31 16:44:16</Tim><Res>0</Res><NetTyp>1</NetTyp><EventTyp>0</EventTyp><OpeInfo><Code>33554432</Code><Name></Name><NameID></NameID><NetTyp>1</NetTyp><ExtSvrName></ExtSvrName><ScdExtSrvNam></ScdExtSrvNam><TrcCode>0</TrcCode><TrcName></TrcName><CardID></CardID><IF>128</IF><CliInf></CliInf></OpeInfo><OperatContInf></OperatContInf></OperationInf></LogRec><LogRec><LogInf><ID>0000009332</ID><LogTyp>2</LogTyp></LogInf><OperationInf><Code>6163</Code><Tim>2023/05/31 16:44:16</Tim><Res>0</Res><NetTyp>1</NetTyp><EventTyp>0</EventTyp><OpeInfo><Code>33554432</Code><Name></Name><NameID></NameID><NetTyp>1</NetTyp><ExtSvrName></ExtSvrName><ScdExtSrvNam></ScdExtSrvNam><TrcCode>0</TrcCode><TrcName></TrcName><CardID></CardID><IF>128</IF><CliInf></CliInf></OpeInfo><OperatContInf></OperatContInf></OperationInf></LogRec><LogRec><LogInf><ID>0000009333</ID><LogTyp>2</LogTyp></LogInf><OperationInf><Code>5538</Code><Tim>2023/05/31 16:44:16</Tim><Res>0</Res><NetTyp>1</NetTyp><EventTyp>0</EventTyp><OpeInfo><Code>33554432</Code><Name></Name><NameID></NameID><NetTyp>1</NetTyp><ExtSvrName></ExtSvrName><ScdExtSrvNam></ScdExtSrvNam><TrcCode>0</TrcCode><TrcName></TrcName><CardID></CardID><IF>128</IF><CliInf></CliInf></OpeInfo><OperatContInf></OperatContInf></OperationInf></LogRec><LogRec><LogInf><ID>0000009334</ID><LogTyp>2</LogTyp></LogInf><OperationInf><Code>5537</Code><Tim>2023/05/31 16:44:16</Tim><Res>0</Res><NetTyp>1</NetTyp><EventTyp>0</EventTyp><OpeInfo><Code>33554432</Code><Name></Name><NameID></NameID><NetTyp>1</NetTyp><ExtSvrName></ExtSvrName><ScdExtSrvNam></ScdExtSrvNam><TrcCode>0</TrcCode><TrcName></TrcName><CardID></CardID><IF>128</IF><CliInf></CliInf></OpeInfo><OperatContInf></OperatContInf></OperationInf></LogRec><LogRec><LogInf><ID>0000009335</ID><LogTyp>2</LogTyp></LogInf><OperationInf><Code>5539</Code><Tim>2023/05/31 16:44:16</Tim><Res>0</Res><NetTyp>1</NetTyp><EventTyp>0</EventTyp><OpeInfo><Code>33554432</Code><Name></Name><NameID></NameID><NetTyp>1</NetTyp><ExtSvrName></ExtSvrName><ScdExtSrvNam></ScdExtSrvNam><TrcCode>0</TrcCode><TrcName></TrcName><CardID></CardID><IF>128</IF><CliInf></CliInf></OpeInfo><OperatContInf></OperatContInf></OperationInf></LogRec><LogRec><LogInf><ID>0000009336</ID><LogTyp>2</LogTyp></LogInf><OperationInf><Code>5536</Code><Tim>2023/05/31 16:44:16</Tim><Res>0</Res><NetTyp>1</NetTyp><EventTyp>0</EventTyp><OpeInfo><Code>33554432</Code><Name></Name><NameID></NameID><NetTyp>1</NetTyp><ExtSvrName></ExtSvrName><ScdExtSrvNam></ScdExtSrvNam><TrcCode>0</TrcCode><TrcName></TrcName><CardID></CardID><IF>128</IF><CliInf></CliInf></OpeInfo><OperatContInf></OperatContInf></OperationInf></LogRec></Log>