<?xml version="1.0" encoding="UTF-8"?><?xml-stylesheet href="WCLOG_1_0.xsl" type="text/xsl"?><Log><LogVer><Major>6</Major><Minor>2</Minor></LogVer><LogColInf><ColTim>2023/05/31 16:45:44</ColTim></LogColInf><SysInf><DevTyp>KONICA MINOLTA bizhub C3350i</DevTyp><DevNam>KM_C3350i</DevNam><IP>10.128.1.198</IP><Mac>00:20:6B:4B:95:D2</Mac><DNS>KM4B95D2.bpl.kme.intern</DNS><SN>A93E021002336</SN></SysInf><LogRec><LogInf><ID>0000009337</ID><LogTyp>2</LogTyp></LogInf><OperationInf><Code>5547</Code><Tim>2023/05/31 16:44:22</Tim><Res>65535</Res><NetTyp>1</NetTyp><EventTyp>2</EventTyp><OpeInfo><Code>33554432</Code><Name></Name><NameID></NameID><NetTyp>1</NetTyp><ExtSvrName></ExtSvrName><ScdExtSrvNam></ScdExtSrvNam><TrcCode>0</TrcCode><TrcName></TrcName><CardID></CardID><IF>96</IF><CliInf></CliInf></OpeInfo><OperatContInf></OperatContInf></OperationInf></LogRec><LogRec><LogInf><ID>0000009338</ID><LogTyp>2</LogTyp></LogInf><OperationInf><Code>1409</Code><Tim>2023/05/31 16:44:25</Tim><Res>65535</Res><NetTyp>1</NetTyp><EventTyp>2</EventTyp><OpeInfo><Code>83886080</Code><Name></Name><NameID></NameID><NetTyp>1</NetTyp><ExtSvrName></ExtSvrName><ScdExtSrvNam></ScdExtSrvNam><TrcCode>0</TrcCode><TrcName></TrcName><CardID></CardID><IF>96</IF><CliInf></CliInf></OpeInfo><OperatContInf></OperatContInf></OperationInf></LogRec><LogRec><LogInf><ID>0000009339</ID><LogTyp>2</LogTyp></LogInf><OperationInf><Code>1409</Code><Tim>2023/05/31 16:44:32</Tim><Res>65535</Res><NetTyp>1</NetTyp><EventTyp>2</EventTyp><OpeInfo><Code>83886080</Code><Name></Name><NameID></NameID><NetTyp>1</NetTyp><ExtSvrName></ExtSvrName><ScdExtSrvNam></ScdExtSrvNam><TrcCode>0</TrcCode><TrcName></TrcName><CardID></CardID><IF>96</IF><CliInf></CliInf></OpeInfo><OperatContInf></OperatContInf></OperationInf></LogRec><LogRec><LogInf><ID>0000009340</ID><LogTyp>2</LogTyp></LogInf><OperationInf><Code>5547</Code><Tim>2023/05/31 16:44:34</Tim><Res>65535</Res><NetTyp>1</NetTyp><EventTyp>2</EventTyp><OpeInfo><Code>33554432</Code><Name></Name><NameID></NameID><NetTyp>1</NetTyp><ExtSvrName></ExtSvrName><ScdExtSrvNam></ScdExtSrvNam><TrcCode>0</TrcCode><TrcName></TrcName><CardID></CardID><IF>96</IF><CliInf></CliInf></OpeInfo><OperatContInf></OperatContInf></OperationInf></LogRec><LogRec><LogInf><ID>0000009341</ID><LogTyp>2</LogTyp></LogInf><OperationInf><Code>1409</Code><Tim>2023/05/31 16:44:54</Tim><Res>65535</Res><NetTyp>1</NetTyp><EventTyp>2</EventTyp><OpeInfo><Code>83886080</Code><Name></Name><NameID></NameID><NetTyp>1</NetTyp><ExtSvrName></ExtSvrName><ScdExtSrvNam></ScdExtSrvNam><TrcCode>0</TrcCode><TrcName></TrcName><CardID></CardID><IF>96</IF><CliInf></CliInf></OpeInfo><OperatContInf></OperatContInf></OperationInf></LogRec><LogRec><LogInf><ID>0000009342</ID><LogTyp>2</LogTyp></LogInf><OperationInf><Code>5529</Code><Tim>2023/05/31 16:44:54</Tim><Res>0</Res><NetTyp>1</NetTyp><EventTyp>0</EventTyp><OpeInfo><Code>33554432</Code><Name></Name><NameID></NameID><NetTyp>1</NetTyp><ExtSvrName></ExtSvrName><ScdExtSrvNam></ScdExtSrvNam><TrcCode>0</TrcCode><TrcName></TrcName><CardID></CardID><IF>128</IF><CliInf></CliInf></OpeInfo><OperatContInf></OperatContInf></OperationInf></LogRec><LogRec><LogInf><ID>0000009343</ID><LogTyp>2</LogTyp></LogInf><OperationInf><Code>5530</Code><Tim>2023/05/31 16:44:54</Tim><Res>0</Res><NetTyp>1</NetTyp><EventTyp>0</EventTyp><OpeInfo><Code>33554432</Code><Name></Name><NameID></NameID><NetTyp>1</NetTyp><ExtSvrName></ExtSvrName><ScdExtSrvNam></ScdExtSrvNam><TrcCode>0</TrcCode><TrcName></TrcName><CardID></CardID><IF>128</IF><CliInf></CliInf></OpeInfo><OperatContInf></OperatContInf></OperationInf></LogRec><LogRec><LogInf><ID>0000009344</ID><LogTyp>2</LogTyp></LogInf><OperationInf><Code>5531</Code><Tim>2023/05/31 16:44:54</Tim><Res>0</Res><NetTyp>1</NetTyp><EventTyp>0</EventTyp><OpeInfo><Code>33554432</Code><Name></Name><NameID></NameID><NetTyp>1</NetTyp><ExtSvrName></ExtSvrName><ScdExtSrvNam></ScdExtSrvNam><TrcCode>0</TrcCode><TrcName></TrcName><CardID></CardID><IF>128</IF><CliInf></CliInf></OpeInfo><OperatContInf></OperatContInf></OperationInf></LogRec><LogRec><LogInf><ID>0000009345</ID><LogTyp>2</LogTyp></LogInf><OperationInf><Code>5533</Code><Tim>2023/05/31 16:44:54</Tim><Res>0</Res><NetTyp>1</NetTyp><EventTyp>0</EventTyp><OpeInfo><Code>33554432</Code><Name></Name><NameID></NameID><NetTyp>1</NetTyp><ExtSvrName></ExtSvrName><ScdExtSrvNam></ScdExtSrvNam><TrcCode>0</TrcCode><TrcName></TrcName><CardID></CardID><IF>128</IF><CliInf></CliInf></OpeInfo><OperatContInf></OperatContInf></OperationInf></LogRec><LogRec><LogInf><ID>0000009346</ID><LogTyp>2</LogTyp></LogInf><OperationInf><Code>5535</Code><Tim>2023/05/31 16:44:54</Tim><Res>0</Res><NetTyp>1</NetTyp><EventTyp>0</EventTyp><OpeInfo><Code>33554432</Code><Name></Name><NameID></NameID><NetTyp>1</NetTyp><ExtSvrName></ExtSvrName><ScdExtSrvNam></ScdExtSrvNam><TrcCode>0</TrcCode><TrcName></TrcName><CardID></CardID><IF>128</IF><CliInf></CliInf></OpeInfo><OperatContInf></OperatContInf></OperationInf></LogRec><LogRec><LogInf><ID>0000009347</ID><LogTyp>2</LogTyp></LogInf><OperationInf><Code>5534</Code><Tim>2023/05/31 16:44:54</Tim><Res>0</Res><NetTyp>1</NetTyp><EventTyp>0</EventTyp><OpeInfo><Code>33554432</Code><Name></Name><NameID></NameID><NetTyp>1</NetTyp><ExtSvrName></ExtSvrName><ScdExtSrvNam></ScdExtSrvNam><TrcCode>0</TrcCode><TrcName></TrcName><CardID></CardID><IF>128</IF><CliInf></CliInf></OpeInfo><OperatContInf></OperatContInf></OperationInf></LogRec><LogRec><LogInf><ID>0000009348</ID><LogTyp>2</LogTyp></LogInf><OperationInf><Code>6163</Code><Tim>2023/05/31 16:44:54</Tim><Res>0</Res><NetTyp>1</NetTyp><EventTyp>0</EventTyp><OpeInfo><Code>33554432</Code><Name></Name><NameID></NameID><NetTyp>1</NetTyp><ExtSvrName></ExtSvrName><ScdExtSrvNam></ScdExtSrvNam><TrcCode>0</TrcCode><TrcName></TrcName><CardID></CardID><IF>128</IF><CliInf></CliInf></OpeInfo><OperatContInf></OperatContInf></OperationInf></LogRec><LogRec><LogInf><ID>0000009349</ID><LogTyp>2</LogTyp></LogInf><OperationInf><Code>5538</Code><Tim>2023/05/31 16:44:54</Tim><Res>0</Res><NetTyp>1</NetTyp><EventTyp>0</EventTyp><OpeInfo><Code>33554432</Code><Name></Name><NameID></NameID><NetTyp>1</NetTyp><ExtSvrName></ExtSvrName><ScdExtSrvNam></ScdExtSrvNam><TrcCode>0</TrcCode><TrcName></TrcName><CardID></CardID><IF>128</IF><CliInf></CliInf></OpeInfo><OperatContInf></OperatContInf></OperationInf></LogRec><LogRec><LogInf><ID>0000009350</ID><LogTyp>2</LogTyp></LogInf><OperationInf><Code>5537</Code><Tim>2023/05/31 16:44:54</Tim><Res>0</Res><NetTyp>1</NetTyp><EventTyp>0</EventTyp><OpeInfo><Code>33554432</Code><Name></Name><NameID></NameID><NetTyp>1</NetTyp><ExtSvrName></ExtSvrName><ScdExtSrvNam></ScdExtSrvNam><TrcCode>0</TrcCode><TrcName></TrcName><CardID></CardID><IF>128</IF><CliInf></CliInf></OpeInfo><OperatContInf></OperatContInf></OperationInf></LogRec><LogRec><LogInf><ID>0000009351</ID><LogTyp>2</LogTyp></LogInf><OperationInf><Code>5539</Code><Tim>2023/05/31 16:44:54</Tim><Res>0</Res><NetTyp>1</NetTyp><EventTyp>0</EventTyp><OpeInfo><Code>33554432</Code><Name></Name><NameID></NameID><NetTyp>1</NetTyp><ExtSvrName></ExtSvrName><ScdExtSrvNam></ScdExtSrvNam><TrcCode>0</TrcCode><TrcName></TrcName><CardID></CardID><IF>128</IF><CliInf></CliInf></OpeInfo><OperatContInf></OperatContInf></OperationInf></LogRec><LogRec><LogInf><ID>0000009352</ID><LogTyp>2</LogTyp></LogInf><OperationInf><Code>5536</Code><Tim>2023/05/31 16:44:54</Tim><Res>0</Res><NetTyp>1</NetTyp><EventTyp>0</EventTyp><OpeInfo><Code>33554432</Code><Name></Name><NameID></NameID><NetTyp>1</NetTyp><ExtSvrName></ExtSvrName><ScdExtSrvNam></ScdExtSrvNam><TrcCode>0</TrcCode><TrcName></TrcName><CardID></CardID><IF>128</IF><CliInf></CliInf></OpeInfo><OperatContInf></OperatContInf></OperationInf></LogRec><LogRec><LogInf><ID>0000009353</ID><LogTyp>2</LogTyp></LogInf><OperationInf><Code>1409</Code><Tim>2023/05/31 16:44:54</Tim><Res>65535</Res><NetTyp>1</NetTyp><EventTyp>2</EventTyp><OpeInfo><Code>83886080</Code><Name></Name><NameID></NameID><NetTyp>1</NetTyp><ExtSvrName></ExtSvrName><ScdExtSrvNam></ScdExtSrvNam><TrcCode>0</TrcCode><TrcName></TrcName><CardID></CardID><IF>96</IF><CliInf></CliInf></OpeInfo><OperatContInf></OperatContInf></OperationInf></LogRec><LogRec><LogInf><ID>0000009354</ID><LogTyp>2</LogTyp></LogInf><OperationInf><Code>5547</Code><Tim>2023/05/31 16:44:59</Tim><Res>0</Res><NetTyp>1</NetTyp><EventTyp>0</EventTyp><OpeInfo><Code>33554432</Code><Name></Name><NameID></NameID><NetTyp>1</NetTyp><ExtSvrName></ExtSvrName><ScdExtSrvNam></ScdExtSrvNam><TrcCode>0</TrcCode><TrcName></TrcName><CardID></CardID><IF>96</IF><CliInf></CliInf></OpeInfo><OperatContInf></OperatContInf></OperationInf></LogRec><LogRec><LogInf><ID>0000009355</ID><LogTyp>2</LogTyp></LogInf><OperationInf><Code>1409</Code><Tim>2023/05/31 16:45:24</Tim><Res>65535</Res><NetTyp>1</NetTyp><EventTyp>2</EventTyp><OpeInfo><Code>83886080</Code><Name></Name><NameID></NameID><NetTyp>1</NetTyp><ExtSvrName></ExtSvrName><ScdExtSrvNam></ScdExtSrvNam><TrcCode>0</TrcCode><TrcName></TrcName><CardID></CardID><IF>96</IF><CliInf></CliInf></OpeInfo><OperatContInf></OperatContInf></OperationInf></LogRec><LogRec><LogInf><ID>0000009356</ID><LogTyp>2</LogTyp></LogInf><OperationInf><Code>1409</Code><Tim>2023/05/31 16:45:34</Tim><Res>65535</Res><NetTyp>1</NetTyp><EventTyp>2</EventTyp><OpeInfo><Code>83886080</Code><Name></Name><NameID></NameID><NetTyp>1</NetTyp><ExtSvrName></ExtSvrName><ScdExtSrvNam></ScdExtSrvNam><TrcCode>0</TrcCode><TrcName></TrcName><CardID></CardID><IF>96</IF><CliInf></CliInf></OpeInfo><OperatContInf></OperatContInf></OperationInf></LogRec><LogRec><LogInf><ID>0000009357</ID><LogTyp>2</LogTyp></LogInf><OperationInf><Code>5529</Code><Tim>2023/05/31 16:45:34</Tim><Res>0</Res><NetTyp>1</NetTyp><EventTyp>0</EventTyp><OpeInfo><Code>33554432</Code><Name></Name><NameID></NameID><NetTyp>1</NetTyp><ExtSvrName></ExtSvrName><ScdExtSrvNam></ScdExtSrvNam><TrcCode>0</TrcCode><TrcName></TrcName><CardID></CardID><IF>128</IF><CliInf></CliInf></OpeInfo><OperatContInf></OperatContInf></OperationInf></LogRec><LogRec><LogInf><ID>0000009358</ID><LogTyp>2</LogTyp></LogInf><OperationInf><Code>5530</Code><Tim>2023/05/31 16:45:34</Tim><Res>0</Res><NetTyp>1</NetTyp><EventTyp>0</EventTyp><OpeInfo><Code>33554432</Code><Name></Name><NameID></NameID><NetTyp>1</NetTyp><ExtSvrName></ExtSvrName><ScdExtSrvNam></ScdExtSrvNam><TrcCode>0</TrcCode><TrcName></TrcName><CardID></CardID><IF>128</IF><CliInf></CliInf></OpeInfo><OperatContInf></OperatContInf></OperationInf></LogRec><LogRec><LogInf><ID>0000009359</ID><LogTyp>2</LogTyp></LogInf><OperationInf><Code>5531</Code><Tim>2023/05/31 16:45:34</Tim><Res>0</Res><NetTyp>1</NetTyp><EventTyp>0</EventTyp><OpeInfo><Code>33554432</Code><Name></Name><NameID></NameID><NetTyp>1</NetTyp><ExtSvrName></ExtSvrName><ScdExtSrvNam></ScdExtSrvNam><TrcCode>0</TrcCode><TrcName></TrcName><CardID></CardID><IF>128</IF><CliInf></CliInf></OpeInfo><OperatContInf></OperatContInf></OperationInf></LogRec><LogRec><LogInf><ID>0000009360</ID><LogTyp>2</LogTyp></LogInf><OperationInf><Code>5533</Code><Tim>2023/05/31 16:45:34</Tim><Res>0</Res><NetTyp>1</NetTyp><EventTyp>0</EventTyp><OpeInfo><Code>33554432</Code><Name></Name><NameID></NameID><NetTyp>1</NetTyp><ExtSvrName></ExtSvrName><ScdExtSrvNam></ScdExtSrvNam><TrcCode>0</TrcCode><TrcName></TrcName><CardID></CardID><IF>128</IF><CliInf></CliInf></OpeInfo><OperatContInf></OperatContInf></OperationInf></LogRec><LogRec><LogInf><ID>0000009361</ID><LogTyp>2</LogTyp></LogInf><OperationInf><Code>5535</Code><Tim>2023/05/31 16:45:34</Tim><Res>0</Res><NetTyp>1</NetTyp><EventTyp>0</EventTyp><OpeInfo><Code>33554432</Code><Name></Name><NameID></NameID><NetTyp>1</NetTyp><ExtSvrName></ExtSvrName><ScdExtSrvNam></ScdExtSrvNam><TrcCode>0</TrcCode><TrcName></TrcName><CardID></CardID><IF>128</IF><CliInf></CliInf></OpeInfo><OperatContInf></OperatContInf></OperationInf></LogRec><LogRec><LogInf><ID>0000009362</ID><LogTyp>2</LogTyp></LogInf><OperationInf><Code>5534</Code><Tim>2023/05/31 16:45:34</Tim><Res>0</Res><NetTyp>1</NetTyp><EventTyp>0</EventTyp><OpeInfo><Code>33554432</Code><Name></Name><NameID></NameID><NetTyp>1</NetTyp><ExtSvrName></ExtSvrName><ScdExtSrvNam></ScdExtSrvNam><TrcCode>0</TrcCode><TrcName></TrcName><CardID></CardID><IF>128</IF><CliInf></CliInf></OpeInfo><OperatContInf></OperatContInf></OperationInf></LogRec><LogRec><LogInf><ID>0000009363</ID><LogTyp>2</LogTyp></LogInf><OperationInf><Code>6163</Code><Tim>2023/05/31 16:45:34</Tim><Res>0</Res><NetTyp>1</NetTyp><EventTyp>0</EventTyp><OpeInfo><Code>33554432</Code><Name></Name><NameID></NameID><NetTyp>1</NetTyp><ExtSvrName></ExtSvrName><ScdExtSrvNam></ScdExtSrvNam><TrcCode>0</TrcCode><TrcName></TrcName><CardID></CardID><IF>128</IF><CliInf></CliInf></OpeInfo><OperatContInf></OperatContInf></OperationInf></LogRec><LogRec><LogInf><ID>0000009364</ID><LogTyp>2</LogTyp></LogInf><OperationInf><Code>5538</Code><Tim>2023/05/31 16:45:34</Tim><Res>0</Res><NetTyp>1</NetTyp><EventTyp>0</EventTyp><OpeInfo><Code>33554432</Code><Name></Name><NameID></NameID><NetTyp>1</NetTyp><ExtSvrName></ExtSvrName><ScdExtSrvNam></ScdExtSrvNam><TrcCode>0</TrcCode><TrcName></TrcName><CardID></CardID><IF>128</IF><CliInf></CliInf></OpeInfo><OperatContInf></OperatContInf></OperationInf></LogRec><LogRec><LogInf><ID>0000009365</ID><LogTyp>2</LogTyp></LogInf><OperationInf><Code>5537</Code><Tim>2023/05/31 16:45:34</Tim><Res>0</Res><NetTyp>1</NetTyp><EventTyp>0</EventTyp><OpeInfo><Code>33554432</Code><Name></Name><NameID></NameID><NetTyp>1</NetTyp><ExtSvrName></ExtSvrName><ScdExtSrvNam></ScdExtSrvNam><TrcCode>0</TrcCode><TrcName></TrcName><CardID></CardID><IF>128</IF><CliInf></CliInf></OpeInfo><OperatContInf></OperatContInf></OperationInf></LogRec><LogRec><LogInf><ID>0000009366</ID><LogTyp>2</LogTyp></LogInf><OperationInf><Code>5539</Code><Tim>2023/05/31 16:45:34</Tim><Res>0</Res><NetTyp>1</NetTyp><EventTyp>0</EventTyp><OpeInfo><Code>33554432</Code><Name></Name><NameID></NameID><NetTyp>1</NetTyp><ExtSvrName></ExtSvrName><ScdExtSrvNam></ScdExtSrvNam><TrcCode>0</TrcCode><TrcName></TrcName><CardID></CardID><IF>128</IF><CliInf></CliInf></OpeInfo><OperatContInf></OperatContInf></OperationInf></LogRec><LogRec><LogInf><ID>0000009367</ID><LogTyp>2</LogTyp></LogInf><OperationInf><Code>5536</Code><Tim>2023/05/31 16:45:34</Tim><Res>0</Res><NetTyp>1</NetTyp><EventTyp>0</EventTyp><OpeInfo><Code>33554432</Code><Name></Name><NameID></NameID><NetTyp>1</NetTyp><ExtSvrName></ExtSvrName><ScdExtSrvNam></ScdExtSrvNam><TrcCode>0</TrcCode><TrcName></TrcName><CardID></CardID><IF>128</IF><CliInf></CliInf></OpeInfo><OperatContInf></OperatContInf></OperationInf></LogRec><LogRec><LogInf><ID>0000009368</ID><LogTyp>2</LogTyp></LogInf><OperationInf><Code>1409</Code><Tim>2023/05/31 16:45:37</Tim><Res>65535</Res><NetTyp>1</NetTyp><EventTyp>2</EventTyp><OpeInfo><Code>83886080</Code><Name></Name><NameID></NameID><NetTyp>1</NetTyp><ExtSvrName></ExtSvrName><ScdExtSrvNam></ScdExtSrvNam><TrcCode>0</TrcCode><TrcName></TrcName><CardID></CardID><IF>96</IF><CliInf></CliInf></OpeInfo><OperatContInf></OperatContInf></OperationInf></LogRec></Log>